{"loss": 0.622238963842392, "accuracy_train": 0.7022727272727273, "accuracy_test": 0.6840277777777778, "_timestamp": 1705225394.4786463, "_runtime": 68.52194833755493, "_step": 5, "Table": {"_type": "table-file", "sha256": "1c0cd121a3caf5e5527498b491ead60f65fba5d040315a8152da55c712b972ef", "size": 905, "artifact_path": "wandb-client-artifact://ljobj1j2xgir85bdv33lyyhtemi34qws9a2jia7pl8gkeri4htyk28d8ubngdycyiyf813n5im6auqid05dtz3wq70gto1woq3vc82b57x5w1423vzab921gf2ktpkto:latest/Table.table.json", "_latest_artifact_path": "wandb-client-artifact://ljobj1j2xgir85bdv33lyyhtemi34qws9a2jia7pl8gkeri4htyk28d8ubngdycyiyf813n5im6auqid05dtz3wq70gto1woq3vc82b57x5w1423vzab921gf2ktpkto:latest/Table.table.json", "path": "media/table/Table_5_1c0cd121a3caf5e55274.table.json", "ncols": 3, "nrows": 50}, "_wandb": {"runtime": 69}}