{"loss": 0.7541302084922791, "accuracy_train": 0.6528409090909091, "accuracy_test": 0.7604166666666667, "_timestamp": 1705233911.6661196, "_runtime": 78.66678047180176, "_step": 5, "Table": {"_type": "table-file", "sha256": "4849550be48fabc057bdf51340fa6b171c58f2513d8b925d8ce5a4660c5e1b23", "size": 905, "artifact_path": "wandb-client-artifact://ij1h6oqfj9n9jczai44h4kdihf3v6s27vndmq7zyrf5gozx61vxcjxt9vjb5epxc6nuk9ixmqh24ay9t8b00vrqqm3tm5j0dx75a6blk9fhjz46rf4ot2vvtgk3zuhg2:latest/Table.table.json", "_latest_artifact_path": "wandb-client-artifact://ij1h6oqfj9n9jczai44h4kdihf3v6s27vndmq7zyrf5gozx61vxcjxt9vjb5epxc6nuk9ixmqh24ay9t8b00vrqqm3tm5j0dx75a6blk9fhjz46rf4ot2vvtgk3zuhg2:latest/Table.table.json", "path": "media/table/Table_5_4849550be48fabc057bd.table.json", "ncols": 3, "nrows": 50}, "_wandb": {"runtime": 80}}