{"loss": 0.6246690213680267, "accuracy_train": 0.7607954545454545, "accuracy_test": 0.8107638888888888, "_timestamp": 1705224596.4537134, "_runtime": 78.95268535614014, "_step": 5, "Table": {"_type": "table-file", "sha256": "7a23451e1c42b005ab04263c3404742ba735d1fbb127fe29c1e40e0420d6c85a", "size": 905, "artifact_path": "wandb-client-artifact://byfsroixe7pz8onj192skzqy4bubtnts9pgm9bwkwfr0n7oq0dbgx5mwzx7t3gwaj5sxsr2ju01ak4by0vigy1kbrk3pwbagivjjdsap5f2knj3iiypp9py7tnc3vvrq:latest/Table.table.json", "_latest_artifact_path": "wandb-client-artifact://byfsroixe7pz8onj192skzqy4bubtnts9pgm9bwkwfr0n7oq0dbgx5mwzx7t3gwaj5sxsr2ju01ak4by0vigy1kbrk3pwbagivjjdsap5f2knj3iiypp9py7tnc3vvrq:latest/Table.table.json", "path": "media/table/Table_5_7a23451e1c42b005ab04.table.json", "ncols": 3, "nrows": 50}, "_wandb": {"runtime": 87}}