{"loss": 1.831555187702179, "accuracy_train": 0.5181818181818182, "accuracy_test": 0.5711805555555556, "_timestamp": 1705235766.0950973, "_runtime": 27.655826330184937, "_step": 0, "_wandb": {"runtime": 38}}