{"loss": 0.9194325506687164, "accuracy_train": 0.6488636363636363, "accuracy_test": 0.6493055555555556, "_timestamp": 1705235928.3044012, "_runtime": 79.48448824882507, "_step": 5, "Table": {"_type": "table-file", "sha256": "69f002ffbe3de07c5d412f3f63c784a24a3b43dd155868b02d808f807af00562", "size": 905, "artifact_path": "wandb-client-artifact://t4o3efp2irpd0upl11h72uxkqoo13a1qm3byh2z19s0ur9pwkoq08r0fyp0umxkqm9etdb3jphy29uwyg5eyjll7wgc763hmg40q37wm6tvn65hm99z7b2kx32dw1ic3:latest/Table.table.json", "_latest_artifact_path": "wandb-client-artifact://t4o3efp2irpd0upl11h72uxkqoo13a1qm3byh2z19s0ur9pwkoq08r0fyp0umxkqm9etdb3jphy29uwyg5eyjll7wgc763hmg40q37wm6tvn65hm99z7b2kx32dw1ic3:latest/Table.table.json", "path": "media/table/Table_5_69f002ffbe3de07c5d41.table.json", "ncols": 3, "nrows": 50}, "_wandb": {"runtime": 81}}