{"loss": 0.6129099786281585, "accuracy_train": 0.7170454545454545, "accuracy_test": 0.8663194444444444, "_timestamp": 1705403867.1284294, "_runtime": 88.305424451828, "_step": 5, "Table": {"_type": "table-file", "sha256": "01f615aa4d0318e7707f728f51aa67a28b6f765317be526bd59edaa817db5d37", "size": 905, "artifact_path": "wandb-client-artifact://71n24aken2nu7npz6ggxqk7ybjst87ctgb9j58j571enbyulv5e4svlq30yt1em7bq25cagv7nepmpz60d37bw2f9x1o1cvwk42ah6lsudi7ts2x0hpkjia40h8htb0t:latest/Table.table.json", "_latest_artifact_path": "wandb-client-artifact://71n24aken2nu7npz6ggxqk7ybjst87ctgb9j58j571enbyulv5e4svlq30yt1em7bq25cagv7nepmpz60d37bw2f9x1o1cvwk42ah6lsudi7ts2x0hpkjia40h8htb0t:latest/Table.table.json", "path": "media/table/Table_5_01f615aa4d0318e7707f.table.json", "ncols": 3, "nrows": 50}, "_wandb": {"runtime": 90}}