{"loss": 0.7421812891960144, "accuracy_train": 0.6886363636363637, "accuracy_test": 0.7239583333333333, "_timestamp": 1705225101.8686435, "_runtime": 77.80909061431885, "_step": 5, "Table": {"_type": "table-file", "sha256": "aa0b8a7be6749f4bfaac7ef4c15a1202c2978913b535e621c504a2816b59d829", "size": 905, "artifact_path": "wandb-client-artifact://x4op5ryodyau9nsevmn4q1behphnj6fg70g8ome67h9ehcsxgu7c4whosc6yircl2zshyp7kw19k727v4a9lyfub8c08arjyqdjjlygllozs03scslgf7sq4qeepxnc1:latest/Table.table.json", "_latest_artifact_path": "wandb-client-artifact://x4op5ryodyau9nsevmn4q1behphnj6fg70g8ome67h9ehcsxgu7c4whosc6yircl2zshyp7kw19k727v4a9lyfub8c08arjyqdjjlygllozs03scslgf7sq4qeepxnc1:latest/Table.table.json", "path": "media/table/Table_5_aa0b8a7be6749f4bfaac.table.json", "ncols": 3, "nrows": 50}, "_wandb": {"runtime": 83}}