{"loss": 0.9071881115436554, "accuracy_train": 0.7460227272727272, "accuracy_test": 0.7795138888888888, "_timestamp": 1705234097.8398085, "_runtime": 73.62866139411926, "_step": 5, "Table": {"_type": "table-file", "sha256": "dda7d00ddb3b3b0e17e0d5ad75a5f4425cf52a3e295efd1c62c1a3710f546431", "size": 905, "artifact_path": "wandb-client-artifact://c47180fdy65pz7a1ko6upb8wlibkxnucezmxms0yjc3gnkuxpr74wjfk89tmtuuv57dm0cey7dg96uyqtv26bjo4ep6xv69u8b9w3tgsvqlbivl4t7cla2awlnillncu:latest/Table.table.json", "_latest_artifact_path": "wandb-client-artifact://c47180fdy65pz7a1ko6upb8wlibkxnucezmxms0yjc3gnkuxpr74wjfk89tmtuuv57dm0cey7dg96uyqtv26bjo4ep6xv69u8b9w3tgsvqlbivl4t7cla2awlnillncu:latest/Table.table.json", "path": "media/table/Table_5_dda7d00ddb3b3b0e17e0.table.json", "ncols": 3, "nrows": 50}, "_wandb": {"runtime": 76}}